[
    {
        "page_state": "ACTIVE",
        "page_seq_no": 0,
        "page_version": 2,
        "page_crc_32": 3115986308,
        "page_entry_state_bitmap": "000200000000000000000000000000000000000022203332333333333333333333333333333333333333333333333333333333333333333333333333333333",
        "entries": [
            {
                "entry_state": "Erased",
                "entry_ns_index": 0,
                "entry_type": "U8",
                "entry_span": 1,
                "entry_chunk_index": 255,
                "entry_key": "T4",
                "entry_data_type": "U8",
                "entry_data": 1
            },
            {
                "entry_state": "Erased",
                "entry_ns_index": 1,
                "entry_ns": "T4",
                "entry_type": "BLOB_DATA",
                "entry_span": 3,
                "entry_chunk_index": 0,
                "entry_key": "data",
                "entry_data_type": "BLOB_DATA",
                "entry_data_size": 60,
                "entry_data": "pVoAAAoxAAAwAAAAAAAAAAmMIAAAAAAAO4QgAAEAAAAAAAAAAAAAAAAAAAAAAAAAAAAAAAAAAAAAAAAA"
            },
            {
                "entry_state": "Erased",
                "entry_ns_index": 1,
                "entry_ns": "T4",
                "entry_type": "BLOB_IDX",
                "entry_span": 1,
                "entry_chunk_index": 255,
                "entry_key": "data",
                "entry_data_type": "BLOB_IDX",
                "entry_data_size": 60,
                "entry_data_chunk_count": 0,
                "entry_data_chunk_start": 255
            },
            {
                "entry_state": "Erased",
                "entry_ns_index": 1,
                "entry_ns": "T4",
                "entry_type": "BLOB_DATA",
                "entry_span": 3,
                "entry_chunk_index": 0,
                "entry_key": "data",
                "entry_data_type": "BLOB_DATA",
                "entry_data_size": 60,
                "entry_data": "pVoAAOvbAAAwAAAAAQAAAAmMIAAAAAAAO4QgAAEAAAAAAAAAAAAAAAAAAAAAAAAAAAAAAAAAAAAAAAAA"
            },
            {
                "entry_state": "Erased",
                "entry_ns_index": 1,
                "entry_ns": "T4",
                "entry_type": "BLOB_IDX",
                "entry_span": 1,
                "entry_chunk_index": 255,
                "entry_key": "data",
                "entry_data_type": "BLOB_IDX",
                "entry_data_size": 60,
                "entry_data_chunk_count": 0,
                "entry_data_chunk_start": 255
            },
            {
                "entry_state": "Erased",
                "entry_ns_index": 1,
                "entry_ns": "T4",
                "entry_type": "BLOB_DATA",
                "entry_span": 3,
                "entry_chunk_index": 0,
                "entry_key": "data",
                "entry_data_type": "BLOB_DATA",
                "entry_data_size": 60,
                "entry_data": "pVoAAE81AAAwAAAAAQAAAAmMIAABAAAAO4QgAAEAAAAAAAAAAAAAAAAAAAAAAAAAAAAAAAAAAAAAAAAA"
            },
            {
                "entry_state": "Erased",
                "entry_ns_index": 1,
                "entry_ns": "T4",
                "entry_type": "BLOB_IDX",
                "entry_span": 1,
                "entry_chunk_index": 255,
                "entry_key": "data",
                "entry_data_type": "BLOB_IDX",
                "entry_data_size": 60,
                "entry_data_chunk_count": 0,
                "entry_data_chunk_start": 255
            },
            {
                "entry_state": "Erased",
                "entry_ns_index": 1,
                "entry_ns": "T4",
                "entry_type": "BLOB_DATA",
                "entry_span": 3,
                "entry_chunk_index": 0,
                "entry_key": "data",
                "entry_data_type": "BLOB_DATA",
                "entry_data_size": 60,
                "entry_data": "pVoAACTtAAAwAAAAAQAAAOHfIQABAAAAO4QgAAEAAAAAAAAAAAAAAAAAAAAAAAAAAAAAAAAAAAAAAAAA"
            },
            {
                "entry_state": "Erased",
                "entry_ns_index": 1,
                "entry_ns": "T4",
                "entry_type": "BLOB_IDX",
                "entry_span": 1,
                "entry_chunk_index": 255,
                "entry_key": "data",
                "entry_data_type": "BLOB_IDX",
                "entry_data_size": 60,
                "entry_data_chunk_count": 0,
                "entry_data_chunk_start": 255
            },
            {
                "entry_state": "Erased",
                "entry_ns_index": 1,
                "entry_ns": "T4",
                "entry_type": "BLOB_DATA",
                "entry_span": 3,
                "entry_chunk_index": 0,
                "entry_key": "data",
                "entry_data_type": "BLOB_DATA",
                "entry_data_size": 60,
                "entry_data": "pVoAAAeQAAAwAAAAAQAAAOHfIQABAAAAiUEiAAEAAAAAAAAAAAAAAAAAAAAAAAAAAAAAAAAAAAAAAAAA"
            },
            {
                "entry_state": "Erased",
                "entry_ns_index": 1,
                "entry_ns": "T4",
                "entry_type": "BLOB_IDX",
                "entry_span": 1,
                "entry_chunk_index": 255,
                "entry_key": "data",
                "entry_data_type": "BLOB_IDX",
                "entry_data_size": 60,
                "entry_data_chunk_count": 0,
                "entry_data_chunk_start": 255
            },
            {
                "entry_state": "Erased",
                "entry_ns_index": 1,
                "entry_ns": "T4",
                "entry_type": "BLOB_DATA",
                "entry_span": 3,
                "entry_chunk_index": 0,
                "entry_key": "data",
                "entry_data_type": "BLOB_DATA",
                "entry_data_size": 60,
                "entry_data": "pVoAAKN+AAAwAAAAAQAAAOHfIQAAAAAAiUEiAAEAAAAAAAAAAAAAAAAAAAAAAAAAAAAAAAAAAAAAAAAA"
            },
            {
                "entry_state": "Erased",
                "entry_ns_index": 1,
                "entry_ns": "T4",
                "entry_type": "BLOB_IDX",
                "entry_span": 1,
                "entry_chunk_index": 255,
                "entry_key": "data",
                "entry_data_type": "BLOB_IDX",
                "entry_data_size": 60,
                "entry_data_chunk_count": 0,
                "entry_data_chunk_start": 255
            },
            {
                "entry_state": "Erased",
                "entry_ns_index": 1,
                "entry_ns": "T4",
                "entry_type": "BLOB_DATA",
                "entry_span": 3,
                "entry_chunk_index": 0,
                "entry_key": "data",
                "entry_data_type": "BLOB_DATA",
                "entry_data_size": 60,
                "entry_data": "pVoAAHOAAAAwAAAAAQAAAOHfIQAAAAAAEcwjAAEAAAAAAAAAAAAAAAAAAAAAAAAAAAAAAAAAAAAAAAAA"
            },
            {
                "entry_state": "Erased",
                "entry_ns_index": 1,
                "entry_ns": "T4",
                "entry_type": "BLOB_IDX",
                "entry_span": 1,
                "entry_chunk_index": 255,
                "entry_key": "data",
                "entry_data_type": "BLOB_IDX",
                "entry_data_size": 60,
                "entry_data_chunk_count": 0,
                "entry_data_chunk_start": 255
            },
            {
                "entry_state": "Erased",
                "entry_ns_index": 1,
                "entry_ns": "T4",
                "entry_type": "BLOB_DATA",
                "entry_span": 3,
                "entry_chunk_index": 0,
                "entry_key": "data",
                "entry_data_type": "BLOB_DATA",
                "entry_data_size": 60,
                "entry_data": "pVoAAJJqAAAwAAAAAAAAAOHfIQAAAAAAEcwjAAEAAAAAAAAAAAAAAAAAAAAAAAAAAAAAAAAAAAAAAAAA"
            },
            {
                "entry_state": "Erased",
                "entry_ns_index": 1,
                "entry_ns": "T4",
                "entry_type": "BLOB_IDX",
                "entry_span": 1,
                "entry_chunk_index": 255,
                "entry_key": "data",
                "entry_data_type": "BLOB_IDX",
                "entry_data_size": 60,
                "entry_data_chunk_count": 0,
                "entry_data_chunk_start": 255
            },
            {
                "entry_state": "Erased",
                "entry_ns_index": 1,
                "entry_ns": "T4",
                "entry_type": "BLOB_DATA",
                "entry_span": 3,
                "entry_chunk_index": 0,
                "entry_key": "data",
                "entry_data_type": "BLOB_DATA",
                "entry_data_size": 60,
                "entry_data": "pVoAADaEAAAwAAAAAAAAAOHfIQABAAAAEcwjAAEAAAAAAAAAAAAAAAAAAAAAAAAAAAAAAAAAAAAAAAAA"
            },
            {
                "entry_state": "Erased",
                "entry_ns_index": 1,
                "entry_ns": "T4",
                "entry_type": "BLOB_IDX",
                "entry_span": 1,
                "entry_chunk_index": 255,
                "entry_key": "data",
                "entry_data_type": "BLOB_IDX",
                "entry_data_size": 60,
                "entry_data_chunk_count": 0,
                "entry_data_chunk_start": 255
            },
            {
                "entry_state": "Erased",
                "entry_ns_index": 1,
                "entry_ns": "T4",
                "entry_type": "BLOB_DATA",
                "entry_span": 3,
                "entry_chunk_index": 0,
                "entry_key": "data",
                "entry_data_type": "BLOB_DATA",
                "entry_data_size": 60,
                "entry_data": "pVoAAEY5AAAwAAAAAAAAAIHdJAABAAAAEcwjAAEAAAAAAAAAAAAAAAAAAAAAAAAAAAAAAAAAAAAAAAAA"
            },
            {
                "entry_state": "Written",
                "entry_ns_index": 1,
                "entry_ns": "T4",
                "entry_type": "BLOB_IDX",
                "entry_span": 1,
                "entry_chunk_index": 255,
                "entry_key": "data",
                "entry_data_type": "BLOB_IDX",
                "entry_data_size": 60,
                "entry_data_chunk_count": 0,
                "entry_data_chunk_start": 255
            },
            {
                "entry_state": "Written",
                "entry_ns_index": 1,
                "entry_ns": "T4",
                "entry_type": "BLOB_DATA",
                "entry_span": 3,
                "entry_chunk_index": 0,
                "entry_key": "data",
                "entry_data_type": "BLOB_DATA",
                "entry_data_size": 60,
                "entry_data": "pVoAABrvAAAwAAAAAAAAAIHdJAABAAAAgd0kAAEAAAAAAAAAAAAAAAAAAAAAAAAAAAAAAAAAAAAAAAAA"
            },
            {
                "entry_state": "Empty",
                "entry_ns_index": 1,
                "entry_ns": "T4",
                "entry_type": "BLOB_IDX",
                "entry_span": 1,
                "entry_chunk_index": 255,
                "entry_key": "data",
                "entry_data_type": "BLOB_IDX",
                "entry_data_size": 60,
                "entry_data_chunk_count": 0,
                "entry_data_chunk_start": 255
            }
        ]
    },
    {
        "page_state": "EMPTY",
        "page_seq_no": 4294967295,
        "page_version": 1,
        "page_crc_32": 4294967295,
        "page_entry_state_bitmap": "333333333333333333333333333333333333333333333333333333333333333333333333333333333333333333333333333333333333333333333333333333",
        "entries": []
    },
    {
        "page_state": "EMPTY",
        "page_seq_no": 4294967295,
        "page_version": 1,
        "page_crc_32": 4294967295,
        "page_entry_state_bitmap": "333333333333333333333333333333333333333333333333333333333333333333333333333333333333333333333333333333333333333333333333333333",
        "entries": []
    },
    {
        "page_state": "EMPTY",
        "page_seq_no": 4294967295,
        "page_version": 1,
        "page_crc_32": 4294967295,
        "page_entry_state_bitmap": "333333333333333333333333333333333333333333333333333333333333333333333333333333333333333333333333333333333333333333333333333333",
        "entries": []
    }
]